{
    "root_custom02": {
        "pelvis": {
            "t": [
                -6.443972140550613,
                18.613852560520172,
                0.13742176815867424
            ],
            "r_hip": {
                "t": [
                    -19.974903762340546,
                    19.643473625183105,
                    7.61340856552124
                ],
                "r_knee": {
                    "t": [
                        -32.334521412849426,
                        77.52183675765991,
                        0.4450185224413872
                    ],
                    "r_ankle": {
                        "t": [
                            -42.885082960128784,
                            91.88331961631775,
                            22.013330459594727
                        ]
                    }
                }
            },
            "l_hip": {
                "t": [
                    6.80662989616394,
                    18.29906702041626,
                    -7.990333437919617
                ],
                "l_knee": {
                    "t": [
                        21.041131019592285,
                        75.74952244758606,
                        -5.480842664837837
                    ],
                    "l_ankle": {
                        "t": [
                            33.15242826938629,
                            93.44601631164551,
                            25.722554326057434
                        ]
                    }
                }
            },
            "spine": {
                "t": [
                    -6.462255120277405,
                    -17.857538163661957,
                    -1.5959365293383598
                ],
                "neck": {
                    "t": [
                        -5.106693506240845,
                        -58.099400997161865,
                        -1.4729791320860386
                    ],
                    "head": {
                        "t": [
                            -5.908153206110001,
                            -71.51432633399963,
                            0.035323482006788254
                        ],
                        "head_top": {
                            "t": [
                                -6.669191271066666,
                                -85.19307374954224,
                                11.160623282194138
                            ]
                        }
                    },
                    "r_shoulder": {
                        "t": [
                            -26.790305972099304,
                            -51.11980438232422,
                            3.779906779527664
                        ],
                        "r_elbow": {
                            "t": [
                                -49.058997631073,
                                -73.45778346061707,
                                10.680408775806427
                            ],
                            "r_wrist": {
                                "t": [
                                    -62.056535482406616,
                                    -93.02310347557068,
                                    22.12653160095215
                                ]
                            }
                        }
                    },
                    "l_shoulder": {
                        "t": [
                            15.7698854804039,
                            -52.08146572113037,
                            -11.22654527425766
                        ],
                        "l_elbow": {
                            "t": [
                                38.15827667713165,
                                -73.948073387146,
                                -17.17172861099243
                            ],
                            "l_wrist": {
                                "t": [
                                    55.940812826156616,
                                    -91.68646335601807,
                                    1.225116103887558
                                ]
                            }
                        }
                    }
                }
            }
        }
    }
}